{
    "epoch": [
        0.0,
        1.0,
        2.0,
        3.0,
        4.0,
        5.0,
        6.0,
        7.0,
        8.0,
        9.0,
        10.0,
        11.0,
        12.0,
        13.0,
        14.0,
        15.0,
        16.0,
        17.0,
        18.0,
        19.0,
        20.0,
        21.0,
        22.0,
        23.0,
        24.0,
        25.0,
        26.0,
        27.0,
        28.0,
        29.0
    ],
    "error": [
        0.02739664353430271,
        0.00018991973774973303,
        0.00012563038035295904,
        0.00011543631990207359,
        0.00010094950266648084,
        9.901713929139078e-05,
        9.110036626225337e-05,
        8.922211418394e-05,
        8.40741558931768e-05,
        8.307241660077125e-05,
        7.962202653288841e-05,
        7.923381053842604e-05,
        7.62574200052768e-05,
        7.647136953892186e-05,
        7.459464541170746e-05,
        7.455325976479799e-05,
        7.364361954387277e-05,
        7.334973633987829e-05,
        7.286229083547369e-05,
        7.270370406331494e-05,
        7.215079676825553e-05,
        7.255130913108587e-05,
        7.203172572189942e-05,
        7.20163225196302e-05,
        7.189296593423933e-05,
        7.186988659668714e-05,
        7.18084629625082e-05,
        7.17912771506235e-05,
        7.176400686148554e-05,
        7.177014776971191e-05
    ],
    "learning_rate": [
        0.001,
        0.001,
        0.0005,
        0.0005,
        0.00025,
        0.00025,
        0.000125,
        0.000125,
        6.25e-05,
        6.25e-05,
        3.125e-05,
        3.125e-05,
        1.5625e-05,
        1.5625e-05,
        7.8125e-06,
        7.8125e-06,
        3.90625e-06,
        3.90625e-06,
        1.953125e-06,
        1.953125e-06,
        9.765625e-07,
        9.765625e-07,
        4.8828125e-07,
        4.8828125e-07,
        2.44140625e-07,
        2.44140625e-07,
        1.220703125e-07,
        1.220703125e-07,
        6.103515625e-08,
        6.103515625e-08
    ],
    "psnr": [
        47.4589204788208
    ],
    "time": [
        3.5379276275634766,
        0.8551437854766846,
        0.8612508773803711,
        0.854870080947876,
        0.9305703639984131,
        0.910679817199707,
        0.9071433544158936,
        0.8731131553649902,
        1.0297739505767822,
        0.9149501323699951,
        0.9675016403198242,
        0.9325294494628906,
        1.0136387348175049,
        0.9551231861114502,
        0.9088714122772217,
        0.8360898494720459,
        0.8541600704193115,
        0.9172952175140381,
        0.8688483238220215,
        0.8630144596099854,
        0.9076426029205322,
        0.8809456825256348,
        0.8697991371154785,
        0.8606979846954346,
        0.9041891098022461,
        0.9412708282470703,
        0.8939168453216553,
        0.8523919582366943,
        0.8464605808258057,
        0.8597276210784912
    ]
}