{
    "epoch": [
        0.0,
        1.0,
        2.0,
        3.0,
        4.0,
        5.0,
        6.0,
        7.0,
        8.0,
        9.0,
        10.0,
        11.0,
        12.0,
        13.0,
        14.0,
        15.0,
        16.0,
        17.0,
        18.0,
        19.0,
        20.0,
        21.0,
        22.0,
        23.0,
        24.0,
        25.0,
        26.0,
        27.0,
        28.0,
        29.0
    ],
    "error": [
        0.024368926882743835,
        0.001588713494129479,
        0.0006862745503894985,
        0.00044581558904610574,
        0.00034311189665459096,
        0.00031087954994291067,
        0.0002893589553423226,
        0.00028176134219393134,
        0.00026966730365529656,
        0.0002667427761480212,
        0.00025937610189430416,
        0.0002580654399935156,
        0.000254509795922786,
        0.0002529404009692371,
        0.0002510453632567078,
        0.0002502893330529332,
        0.00024938859860412776,
        0.00024908740306273103,
        0.0002485058212187141,
        0.0002482196141500026,
        0.00024797156220301986,
        0.0002479268005117774,
        0.00024777092039585114,
        0.0002478063979651779,
        0.00024759830557741225,
        0.00024755296180956066,
        0.00024754766491241753,
        0.00024746492272242904,
        0.0002474726061336696,
        0.000247588730417192
    ],
    "learning_rate": [
        0.001,
        0.001,
        0.0005,
        0.0005,
        0.00025,
        0.00025,
        0.000125,
        0.000125,
        6.25e-05,
        6.25e-05,
        3.125e-05,
        3.125e-05,
        1.5625e-05,
        1.5625e-05,
        7.8125e-06,
        7.8125e-06,
        3.90625e-06,
        3.90625e-06,
        1.953125e-06,
        1.953125e-06,
        9.765625e-07,
        9.765625e-07,
        4.8828125e-07,
        4.8828125e-07,
        2.44140625e-07,
        2.44140625e-07,
        1.220703125e-07,
        1.220703125e-07,
        6.103515625e-08,
        6.103515625e-08
    ],
    "time": [
        3.7595953941345215,
        0.9085977077484131,
        1.116053581237793,
        0.961212158203125,
        1.0379981994628906,
        0.9404151439666748,
        0.9841859340667725,
        0.9033181667327881,
        0.9295568466186523,
        1.024543046951294,
        0.9491276741027832,
        0.9972667694091797,
        0.923022985458374,
        0.9340958595275879,
        1.0405070781707764,
        0.9553658962249756,
        0.9642574787139893,
        0.8999969959259033,
        0.9086346626281738,
        0.9570136070251465,
        1.0348689556121826,
        0.8930714130401611,
        0.9572148323059082,
        0.9495701789855957,
        0.976391077041626,
        0.9486572742462158,
        0.9419162273406982,
        0.9671423435211182,
        0.9638543128967285,
        1.024040699005127
    ],
    "unscaled_psnr": [
        42.08242416381836
    ],
    "weighted_psnr": [
        42.08242416381836
    ]
}