{
    "epoch": [
        0.0,
        1.0,
        2.0,
        3.0,
        4.0,
        5.0,
        6.0,
        7.0,
        8.0,
        9.0,
        10.0,
        11.0,
        12.0,
        13.0,
        14.0,
        15.0,
        16.0,
        17.0,
        18.0,
        19.0,
        20.0,
        21.0,
        22.0,
        23.0,
        24.0,
        25.0,
        26.0,
        27.0,
        28.0,
        29.0
    ],
    "error": [
        0.024939529597759247,
        0.001396224950440228,
        0.000855766877066344,
        0.0007228184840641916,
        0.0006218000780791044,
        0.0005569925997406244,
        0.0004890453419648111,
        0.0004458933253772557,
        0.00040547153912484646,
        0.0003796308592427522,
        0.0003588477266021073,
        0.0003447859489824623,
        0.00033417309168726206,
        0.00032679198193363845,
        0.00032103550620377064,
        0.000317299272865057,
        0.0003143403446301818,
        0.0003125352959614247,
        0.0003109080425929278,
        0.0003100678150076419,
        0.0003090885584242642,
        0.00030871230410411954,
        0.00030826040892861784,
        0.00030809687450528145,
        0.00030777606298215687,
        0.00030762236565351486,
        0.00030761052039451897,
        0.0003074136911891401,
        0.00030742952367290854,
        0.00030748246354050934
    ],
    "learning_rate": [
        0.001,
        0.001,
        0.0005,
        0.0005,
        0.00025,
        0.00025,
        0.000125,
        0.000125,
        6.25e-05,
        6.25e-05,
        3.125e-05,
        3.125e-05,
        1.5625e-05,
        1.5625e-05,
        7.8125e-06,
        7.8125e-06,
        3.90625e-06,
        3.90625e-06,
        1.953125e-06,
        1.953125e-06,
        9.765625e-07,
        9.765625e-07,
        4.8828125e-07,
        4.8828125e-07,
        2.44140625e-07,
        2.44140625e-07,
        1.220703125e-07,
        1.220703125e-07,
        6.103515625e-08,
        6.103515625e-08
    ],
    "time": [
        2.280485153198242,
        0.6839454174041748,
        0.6604573726654053,
        0.6418275833129883,
        0.7020504474639893,
        0.6634547710418701,
        0.613572359085083,
        0.6832396984100342,
        0.7615633010864258,
        0.644890546798706,
        0.6126694679260254,
        0.6282627582550049,
        0.7354307174682617,
        0.6900129318237305,
        0.6727032661437988,
        0.6479694843292236,
        0.6855316162109375,
        0.6741664409637451,
        0.6385319232940674,
        0.6749875545501709,
        0.6183595657348633,
        0.6681420803070068,
        0.6257412433624268,
        0.603961706161499,
        0.6168363094329834,
        0.6063053607940674,
        0.5994560718536377,
        0.6006209850311279,
        0.6603968143463135,
        0.6901562213897705
    ],
    "unscaled_psnr": [
        41.14168167114258
    ],
    "weighted_psnr": [
        41.14168167114258
    ]
}