{
    "epoch": [
        0.0,
        1.0,
        2.0,
        3.0,
        4.0,
        5.0,
        6.0,
        7.0,
        8.0,
        9.0,
        10.0,
        11.0,
        12.0,
        13.0,
        14.0,
        15.0,
        16.0,
        17.0,
        18.0,
        19.0,
        20.0,
        21.0,
        22.0,
        23.0,
        24.0,
        25.0,
        26.0,
        27.0,
        28.0,
        29.0
    ],
    "error": [
        0.018794484436511993,
        8.275057189166546e-05,
        8.057226659730077e-05,
        7.865789666539058e-05,
        7.663419819436967e-05,
        7.496430043829605e-05,
        7.348167855525389e-05,
        7.250029739225283e-05,
        7.16975046088919e-05,
        7.121051021385938e-05,
        7.07444705767557e-05,
        7.050883141346276e-05,
        7.023446960374713e-05,
        7.007402746239677e-05,
        6.990956899244338e-05,
        6.981249316595495e-05,
        6.971265975153074e-05,
        6.9657908170484e-05,
        6.959452730370685e-05,
        6.955911521799862e-05,
        6.952409603400156e-05,
        6.950904935365543e-05,
        6.947929796297103e-05,
        6.946780194994062e-05,
        6.945753557374701e-05,
        6.94521950208582e-05,
        6.944864435354248e-05,
        6.944606138858944e-05,
        6.944231427041814e-05,
        6.944387132534757e-05
    ],
    "learning_rate": [
        0.001,
        0.001,
        0.0005,
        0.0005,
        0.00025,
        0.00025,
        0.000125,
        0.000125,
        6.25e-05,
        6.25e-05,
        3.125e-05,
        3.125e-05,
        1.5625e-05,
        1.5625e-05,
        7.8125e-06,
        7.8125e-06,
        3.90625e-06,
        3.90625e-06,
        1.953125e-06,
        1.953125e-06,
        9.765625e-07,
        9.765625e-07,
        4.8828125e-07,
        4.8828125e-07,
        2.44140625e-07,
        2.44140625e-07,
        1.220703125e-07,
        1.220703125e-07,
        6.103515625e-08,
        6.103515625e-08
    ],
    "time": [
        3.6564548015594482,
        0.9150989055633545,
        0.9188361167907715,
        0.9076457023620605,
        0.9233899116516113,
        0.9734885692596436,
        0.9966995716094971,
        0.9520761966705322,
        0.9148588180541992,
        0.869865894317627,
        0.8643708229064941,
        0.9466261863708496,
        0.9652273654937744,
        0.9102144241333008,
        0.882159948348999,
        0.9822511672973633,
        0.89493727684021,
        0.8973891735076904,
        0.893843412399292,
        0.8878464698791504,
        0.9684598445892334,
        0.9520406723022461,
        0.9146404266357422,
        0.9690136909484863,
        0.920151948928833,
        0.9426188468933105,
        0.9260554313659668,
        0.9196906089782715,
        0.9222538471221924,
        0.916567325592041
    ],
    "unscaled_psnr": [
        47.599639892578125
    ],
    "weighted_psnr": [
        47.599639892578125
    ]
}