{
    "epoch": [
        0.0,
        1.0,
        2.0,
        3.0,
        4.0,
        5.0,
        6.0,
        7.0,
        8.0,
        9.0,
        10.0,
        11.0,
        12.0,
        13.0,
        14.0,
        15.0,
        16.0,
        17.0,
        18.0,
        19.0,
        20.0,
        21.0,
        22.0,
        23.0,
        24.0,
        25.0,
        26.0,
        27.0,
        28.0,
        29.0
    ],
    "error": [
        0.02739664539694786,
        0.00018991963588632643,
        0.00012563023483380675,
        0.00011543634172994643,
        0.00010094954632222652,
        9.9017153843306e-05,
        9.110020619118586e-05,
        8.922181586967781e-05,
        8.407414134126157e-05,
        8.307251118822023e-05,
        7.962201198097318e-05,
        7.923372322693467e-05,
        7.625732541782781e-05,
        7.647139864275232e-05,
        7.459460903191939e-05,
        7.455323793692514e-05,
        7.3643634095788e-05,
        7.334976544370875e-05,
        7.286230538738891e-05,
        7.270367495948449e-05,
        7.215070945676416e-05,
        7.255128002725542e-05,
        7.203174027381465e-05,
        7.201630069175735e-05,
        7.189289317466319e-05,
        7.186987204477191e-05,
        7.18084629625082e-05,
        7.179130625445396e-05,
        7.176397048169747e-05,
        7.177013321779668e-05
    ],
    "learning_rate": [
        0.001,
        0.001,
        0.0005,
        0.0005,
        0.00025,
        0.00025,
        0.000125,
        0.000125,
        6.25e-05,
        6.25e-05,
        3.125e-05,
        3.125e-05,
        1.5625e-05,
        1.5625e-05,
        7.8125e-06,
        7.8125e-06,
        3.90625e-06,
        3.90625e-06,
        1.953125e-06,
        1.953125e-06,
        9.765625e-07,
        9.765625e-07,
        4.8828125e-07,
        4.8828125e-07,
        2.44140625e-07,
        2.44140625e-07,
        1.220703125e-07,
        1.220703125e-07,
        6.103515625e-08,
        6.103515625e-08
    ],
    "psnr": [
        47.45892524719238
    ],
    "time": [
        3.56172776222229,
        0.8593246936798096,
        0.8442261219024658,
        0.8539011478424072,
        0.8508284091949463,
        0.8532655239105225,
        0.8281574249267578,
        0.8316307067871094,
        0.8356645107269287,
        0.8532083034515381,
        0.8742349147796631,
        0.852116584777832,
        0.8477358818054199,
        0.8473701477050781,
        0.8840548992156982,
        0.8422966003417969,
        0.8400890827178955,
        0.841102123260498,
        0.8398177623748779,
        0.8490390777587891,
        0.8478024005889893,
        0.8608570098876953,
        0.8450524806976318,
        0.8373703956604004,
        0.8260414600372314,
        0.8470823764801025,
        0.845339298248291,
        0.8473317623138428,
        0.8600590229034424,
        0.848726749420166
    ]
}