{
    "epoch": [
        0.0,
        1.0,
        2.0,
        3.0,
        4.0,
        5.0,
        6.0,
        7.0,
        8.0,
        9.0,
        10.0,
        11.0,
        12.0,
        13.0,
        14.0,
        15.0,
        16.0,
        17.0,
        18.0,
        19.0,
        20.0,
        21.0,
        22.0,
        23.0,
        24.0,
        25.0,
        26.0,
        27.0,
        28.0,
        29.0
    ],
    "error": [
        0.02739664539694786,
        0.00018991967954207212,
        0.0001256305113201961,
        0.00011543637083377689,
        0.00010094944445881993,
        9.90170519798994e-05,
        9.110037353821099e-05,
        8.922191773308441e-05,
        8.407427230849862e-05,
        8.307242387672886e-05,
        7.962213567225263e-05,
        7.923373050289229e-05,
        7.625734724570066e-05,
        7.647131860721856e-05,
        7.459467451553792e-05,
        7.455325976479799e-05,
        7.364369230344892e-05,
        7.334969996009022e-05,
        7.286226900760084e-05,
        7.270371133927256e-05,
        7.215079676825553e-05,
        7.25512727512978e-05,
        7.203171116998419e-05,
        7.201637345133349e-05,
        7.189291500253603e-05,
        7.186980656115338e-05,
        7.180848479038104e-05,
        7.179130625445396e-05,
        7.1764035965316e-05,
        7.177014776971191e-05
    ],
    "learning_rate": [
        0.001,
        0.001,
        0.0005,
        0.0005,
        0.00025,
        0.00025,
        0.000125,
        0.000125,
        6.25e-05,
        6.25e-05,
        3.125e-05,
        3.125e-05,
        1.5625e-05,
        1.5625e-05,
        7.8125e-06,
        7.8125e-06,
        3.90625e-06,
        3.90625e-06,
        1.953125e-06,
        1.953125e-06,
        9.765625e-07,
        9.765625e-07,
        4.8828125e-07,
        4.8828125e-07,
        2.44140625e-07,
        2.44140625e-07,
        1.220703125e-07,
        1.220703125e-07,
        6.103515625e-08,
        6.103515625e-08
    ],
    "psnr": [
        47.4589204788208
    ],
    "time": [
        3.769965171813965,
        0.8523216247558594,
        0.831958532333374,
        0.8297674655914307,
        0.8327522277832031,
        0.8502912521362305,
        0.9053974151611328,
        0.8989357948303223,
        0.9018204212188721,
        0.8373334407806396,
        0.877208948135376,
        0.8365697860717773,
        0.843217134475708,
        0.828437328338623,
        0.8412296772003174,
        0.8453776836395264,
        0.8193612098693848,
        0.8384401798248291,
        0.838303804397583,
        0.8443281650543213,
        0.8489589691162109,
        0.8687429428100586,
        0.8436224460601807,
        0.8291037082672119,
        0.9025859832763672,
        0.8870539665222168,
        0.9016327857971191,
        0.8309848308563232,
        0.820019006729126,
        0.835029125213623
    ]
}