{
    "epoch": [
        0.0,
        1.0,
        2.0,
        3.0,
        4.0,
        5.0,
        6.0,
        7.0,
        8.0,
        9.0,
        10.0,
        11.0,
        12.0,
        13.0,
        14.0,
        15.0,
        16.0,
        17.0,
        18.0,
        19.0,
        20.0,
        21.0,
        22.0,
        23.0,
        24.0,
        25.0,
        26.0,
        27.0,
        28.0,
        29.0
    ],
    "error": [
        0.01874852180480957,
        3.155386366415769e-05,
        2.9563156203948893e-05,
        2.7344596674083732e-05,
        2.5161512894555926e-05,
        2.325965579075273e-05,
        2.1736452254117467e-05,
        2.0663974282797426e-05,
        1.998022162297275e-05,
        1.9111157598672435e-05,
        1.898814480227884e-05,
        1.886812060547527e-05,
        1.8675646060728468e-05,
        1.844518192228861e-05,
        1.827666346798651e-05,
        1.7960566765395924e-05,
        1.7954102077055722e-05,
        1.812833215808496e-05,
        1.794619493011851e-05,
        1.787828114174772e-05,
        1.775723649188876e-05,
        1.8042035662801936e-05,
        1.777429315552581e-05,
        1.766897548804991e-05,
        1.7773229046724737e-05,
        1.7884432963910513e-05,
        1.773049370967783e-05,
        1.773412623151671e-05,
        1.776562749000732e-05,
        1.7662370737525634e-05
    ],
    "learning_rate": [
        0.001,
        0.001,
        0.0005,
        0.0005,
        0.00025,
        0.00025,
        0.000125,
        0.000125,
        6.25e-05,
        6.25e-05,
        3.125e-05,
        3.125e-05,
        1.5625e-05,
        1.5625e-05,
        7.8125e-06,
        7.8125e-06,
        3.90625e-06,
        3.90625e-06,
        1.953125e-06,
        1.953125e-06,
        9.765625e-07,
        9.765625e-07,
        4.8828125e-07,
        4.8828125e-07,
        2.44140625e-07,
        2.44140625e-07,
        1.220703125e-07,
        1.220703125e-07,
        6.103515625e-08,
        6.103515625e-08
    ],
    "time": [
        3.930387020111084,
        0.960242748260498,
        0.8555822372436523,
        0.8830296993255615,
        0.9003303050994873,
        0.8940415382385254,
        0.8887181282043457,
        0.8558354377746582,
        0.8614077568054199,
        0.8866183757781982,
        0.8731999397277832,
        0.8714888095855713,
        0.8759472370147705,
        0.9737293720245361,
        0.9337582588195801,
        0.9281203746795654,
        0.8944690227508545,
        0.8604345321655273,
        0.8779289722442627,
        0.87021803855896,
        0.8408381938934326,
        0.8805203437805176,
        0.8791408538818359,
        0.8423588275909424,
        0.8987216949462891,
        0.8752539157867432,
        0.8402378559112549,
        0.851818323135376,
        0.8478844165802002,
        0.8417234420776367
    ],
    "unscaled_psnr": [
        47.61495590209961
    ],
    "weighted_psnr": [
        53.5624361038208
    ]
}