{
    "epoch": [
        0.0,
        1.0,
        2.0,
        3.0,
        4.0,
        5.0,
        6.0,
        7.0,
        8.0,
        9.0,
        10.0,
        11.0,
        12.0,
        13.0,
        14.0,
        15.0,
        16.0,
        17.0,
        18.0,
        19.0,
        20.0,
        21.0,
        22.0,
        23.0,
        24.0,
        25.0,
        26.0,
        27.0,
        28.0,
        29.0
    ],
    "error": [
        0.012482736259698868,
        0.0010545168770477176,
        0.0007718687411397696,
        0.000673278293106705,
        0.0005608181818388402,
        0.0004986518761143088,
        0.00042739140917547047,
        0.00038981446414254606,
        0.0003508352383505553,
        0.0003282036050222814,
        0.0003103035851381719,
        0.0003007313935086131,
        0.0002926496381405741,
        0.000287499075056985,
        0.00028329979977570474,
        0.0002808673889376223,
        0.0002786827099043876,
        0.0002776322071440518,
        0.0002764319069683552,
        0.0002759451454039663,
        0.000275141530437395,
        0.000275065831374377,
        0.00027463427977636456,
        0.0002745376550592482,
        0.00027428619796410203,
        0.00027421905542723835,
        0.0002741763601079583,
        0.00027402021805755794,
        0.0002740215277299285,
        0.00027417007368057966
    ],
    "learning_rate": [
        0.001,
        0.001,
        0.0005,
        0.0005,
        0.00025,
        0.00025,
        0.000125,
        0.000125,
        6.25e-05,
        6.25e-05,
        3.125e-05,
        3.125e-05,
        1.5625e-05,
        1.5625e-05,
        7.8125e-06,
        7.8125e-06,
        3.90625e-06,
        3.90625e-06,
        1.953125e-06,
        1.953125e-06,
        9.765625e-07,
        9.765625e-07,
        4.8828125e-07,
        4.8828125e-07,
        2.44140625e-07,
        2.44140625e-07,
        1.220703125e-07,
        1.220703125e-07,
        6.103515625e-08,
        6.103515625e-08
    ],
    "time": [
        2.1293301582336426,
        0.63950514793396,
        0.6269700527191162,
        0.6167905330657959,
        0.709404706954956,
        0.5933210849761963,
        0.646183967590332,
        0.5996396541595459,
        0.642479658126831,
        0.6219594478607178,
        0.6437351703643799,
        0.5916614532470703,
        0.5866444110870361,
        0.6353564262390137,
        0.61934494972229,
        0.6151289939880371,
        0.6094644069671631,
        0.610260009765625,
        0.6409428119659424,
        0.5979588031768799,
        0.6128051280975342,
        0.630042314529419,
        0.6154270172119141,
        0.6082539558410645,
        0.7352521419525146,
        0.6610307693481445,
        0.6776366233825684,
        0.6796000003814697,
        0.5937511920928955,
        0.6186480522155762
    ],
    "unscaled_psnr": [
        41.640663146972656
    ],
    "weighted_psnr": [
        41.640663146972656
    ]
}