{
    "epoch": [
        0.0,
        1.0,
        2.0,
        3.0,
        4.0,
        5.0,
        6.0,
        7.0,
        8.0,
        9.0,
        10.0,
        11.0,
        12.0,
        13.0,
        14.0,
        15.0,
        16.0,
        17.0,
        18.0,
        19.0,
        20.0,
        21.0,
        22.0,
        23.0,
        24.0,
        25.0,
        26.0,
        27.0,
        28.0,
        29.0
    ],
    "error": [
        0.18067121505737305,
        0.1626785695552826,
        0.1626664251089096,
        0.16259068250656128,
        0.1627034693956375,
        0.16259436309337616,
        0.1627219021320343,
        0.16270942986011505,
        0.16265623271465302,
        0.1626388281583786,
        0.16259096562862396,
        0.16264700889587402,
        0.16260237991809845,
        0.16263526678085327,
        0.16263934969902039,
        0.16269487142562866,
        0.16264455020427704,
        0.16270600259304047,
        0.16262799501419067,
        0.16259419918060303,
        0.16260822117328644,
        0.1626160442829132,
        0.16264203190803528,
        0.1626691371202469,
        0.1626352071762085,
        0.1627385914325714,
        0.16261117160320282,
        0.16263985633850098,
        0.1626625955104828,
        0.16269682347774506
    ],
    "learning_rate": [
        0.001,
        0.001,
        0.0005,
        0.0005,
        0.00025,
        0.00025,
        0.000125,
        0.000125,
        6.25e-05,
        6.25e-05,
        3.125e-05,
        3.125e-05,
        1.5625e-05,
        1.5625e-05,
        7.8125e-06,
        7.8125e-06,
        3.90625e-06,
        3.90625e-06,
        1.953125e-06,
        1.953125e-06,
        9.765625e-07,
        9.765625e-07,
        4.8828125e-07,
        4.8828125e-07,
        2.44140625e-07,
        2.44140625e-07,
        1.220703125e-07,
        1.220703125e-07,
        6.103515625e-08,
        6.103515625e-08
    ],
    "time": [
        3.645693302154541,
        0.9322512149810791,
        0.8767352104187012,
        0.8667476177215576,
        0.9015078544616699,
        0.8490464687347412,
        0.8761131763458252,
        0.8443384170532227,
        0.867933988571167,
        0.8999121189117432,
        0.9385082721710205,
        0.8724527359008789,
        0.8720808029174805,
        0.9560883045196533,
        0.898536205291748,
        0.9016129970550537,
        0.9263095855712891,
        0.8672127723693848,
        0.8689088821411133,
        0.8870725631713867,
        0.8615202903747559,
        0.8613269329071045,
        0.8703749179840088,
        0.8531787395477295,
        0.8703241348266602,
        0.8874759674072266,
        0.9352102279663086,
        1.1805012226104736,
        0.9881389141082764,
        0.9114961624145508
    ],
    "unscaled_psnr": [
        13.912478685379028
    ],
    "weighted_psnr": [
        13.907667398452759
    ]
}