{
    "epoch": [
        0.0,
        1.0,
        2.0,
        3.0,
        4.0,
        5.0,
        6.0,
        7.0,
        8.0,
        9.0,
        10.0,
        11.0,
        12.0,
        13.0,
        14.0,
        15.0,
        16.0,
        17.0,
        18.0,
        19.0,
        20.0,
        21.0,
        22.0,
        23.0,
        24.0,
        25.0,
        26.0,
        27.0,
        28.0,
        29.0
    ],
    "error": [
        0.007887052372097969,
        0.0002833935141097754,
        5.8173689467366785e-05,
        6.354287324938923e-05,
        1.5730594896012917e-05,
        1.8131982869817875e-05,
        6.116923032095656e-06,
        6.521038812934421e-06,
        3.2795940114738187e-06,
        3.2461766750202514e-06,
        2.2794745291321306e-06,
        2.1745947833551327e-06,
        1.8187815840065014e-06,
        1.7442290527469595e-06,
        1.582626623530814e-06,
        1.5331672784668626e-06,
        1.4512031611957354e-06,
        1.419949512637686e-06,
        1.374239786855469e-06,
        1.355539211544965e-06,
        1.3291860341269057e-06,
        1.318050180998398e-06,
        1.3029078900217428e-06,
        1.2965608675585827e-06,
        1.288006387767382e-06,
        1.2843665899708867e-06,
        1.2794428130291635e-06,
        1.2775469713233178e-06,
        1.274877718060452e-06,
        1.2739216117552132e-06
    ],
    "learning_rate": [
        0.001,
        0.001,
        0.0005,
        0.0005,
        0.00025,
        0.00025,
        0.000125,
        0.000125,
        6.25e-05,
        6.25e-05,
        3.125e-05,
        3.125e-05,
        1.5625e-05,
        1.5625e-05,
        7.8125e-06,
        7.8125e-06,
        3.90625e-06,
        3.90625e-06,
        1.953125e-06,
        1.953125e-06,
        9.765625e-07,
        9.765625e-07,
        4.8828125e-07,
        4.8828125e-07,
        2.44140625e-07,
        2.44140625e-07,
        1.220703125e-07,
        1.220703125e-07,
        6.103515625e-08,
        6.103515625e-08
    ],
    "psnr": [
        64.97153759002686
    ],
    "time": [
        21.31927180290222,
        18.098857879638672,
        18.48159885406494,
        19.34415292739868,
        18.17207670211792,
        18.524167776107788,
        18.41037082672119,
        18.252917289733887,
        18.296074151992798,
        18.580387592315674,
        18.629650592803955,
        18.30610966682434,
        18.26829743385315,
        18.539886474609375,
        18.335476875305176,
        18.284943342208862,
        18.26013731956482,
        18.463194370269775,
        18.40136218070984,
        18.07680583000183,
        18.45499348640442,
        18.326300859451294,
        18.199430227279663,
        18.05036473274231,
        17.912648677825928,
        18.0896155834198,
        18.44565486907959,
        17.93999171257019,
        18.489346027374268,
        19.142450094223022
    ]
}