{
    "epoch": [
        0.0,
        1.0,
        2.0,
        3.0,
        4.0,
        5.0,
        6.0,
        7.0,
        8.0,
        9.0,
        10.0,
        11.0,
        12.0,
        13.0,
        14.0,
        15.0,
        16.0,
        17.0,
        18.0,
        19.0,
        20.0,
        21.0,
        22.0,
        23.0,
        24.0,
        25.0,
        26.0,
        27.0,
        28.0,
        29.0
    ],
    "error": [
        10685.7373046875,
        10679.85546875,
        10679.1767578125,
        10680.8955078125,
        10678.5,
        10681.169921875,
        10678.826171875,
        10679.310546875,
        10679.12109375,
        10679.8037109375,
        10680.232421875,
        10679.7421875,
        10679.53515625,
        10680.837890625,
        10679.3935546875,
        10680.263671875,
        10679.48046875,
        10679.5576171875,
        10679.5869140625,
        10680.064453125,
        10680.33984375,
        10680.564453125,
        10678.7353515625,
        10678.7451171875,
        10679.5048828125,
        10678.1279296875,
        10680.2197265625,
        10679.2978515625,
        10679.697265625,
        10679.470703125
    ],
    "learning_rate": [
        0.001,
        0.001,
        0.0005,
        0.0005,
        0.00025,
        0.00025,
        0.000125,
        0.000125,
        6.25e-05,
        6.25e-05,
        3.125e-05,
        3.125e-05,
        1.5625e-05,
        1.5625e-05,
        7.8125e-06,
        7.8125e-06,
        3.90625e-06,
        3.90625e-06,
        1.953125e-06,
        1.953125e-06,
        9.765625e-07,
        9.765625e-07,
        4.8828125e-07,
        4.8828125e-07,
        2.44140625e-07,
        2.44140625e-07,
        1.220703125e-07,
        1.220703125e-07,
        6.103515625e-08,
        6.103515625e-08
    ],
    "time": [
        3.700117826461792,
        0.884958028793335,
        0.9157679080963135,
        0.8809363842010498,
        0.8736584186553955,
        0.8963401317596436,
        0.9149997234344482,
        0.9099535942077637,
        0.8948767185211182,
        0.8824689388275146,
        0.8842647075653076,
        0.8513946533203125,
        0.8853485584259033,
        0.8791220188140869,
        0.8847920894622803,
        0.9171361923217773,
        0.888385534286499,
        0.8884611129760742,
        0.8844873905181885,
        0.8987882137298584,
        0.9032986164093018,
        0.9189839363098145,
        0.9052674770355225,
        0.8828275203704834,
        0.8564951419830322,
        0.8609704971313477,
        0.8816642761230469,
        0.8812692165374756,
        0.8792731761932373,
        0.8711702823638916
    ],
    "unscaled_psnr": [
        -4.567176997661591
    ],
    "weighted_psnr": [
        -4.567176997661591
    ]
}