{
    "frequencies": 0,
    "hidden_layers": 14,
    "minimum_neurons_per_layer": 1,
    "network_name": "exp0001_cr0100.000000_lr0.001000000_bf0.000500000",
    "target_compression_ratio": 100
}