{
    "epoch": [
        0.0,
        1.0,
        2.0,
        3.0,
        4.0,
        5.0,
        6.0,
        7.0,
        8.0,
        9.0,
        10.0,
        11.0,
        12.0,
        13.0,
        14.0,
        15.0,
        16.0,
        17.0,
        18.0,
        19.0,
        20.0,
        21.0,
        22.0,
        23.0,
        24.0,
        25.0,
        26.0,
        27.0,
        28.0,
        29.0
    ],
    "error": [
        0.02438477985560894,
        0.0015192917780950665,
        0.0005866730352863669,
        0.00033323728712275624,
        0.00023108604364097118,
        0.00019959776545874774,
        0.00017985087470151484,
        0.00017309623945038766,
        0.00016058815526776016,
        0.00015729255392216146,
        0.00015044007159303874,
        0.00014937166997697204,
        0.000146038131788373,
        0.0001442241482436657,
        0.00014235051639843732,
        0.00014144617307465523,
        0.000140608855872415,
        0.00014050918980501592,
        0.00013979476352687925,
        0.00013949815183877945,
        0.000139194235089235,
        0.00013937415496911854,
        0.0001390491088386625,
        0.0001389774406561628,
        0.00013886214583180845,
        0.00013891179696656764,
        0.0001387815864291042,
        0.00013872455747332424,
        0.0001387500378768891,
        0.0001387634692946449
    ],
    "learning_rate": [
        0.001,
        0.001,
        0.0005,
        0.0005,
        0.00025,
        0.00025,
        0.000125,
        0.000125,
        6.25e-05,
        6.25e-05,
        3.125e-05,
        3.125e-05,
        1.5625e-05,
        1.5625e-05,
        7.8125e-06,
        7.8125e-06,
        3.90625e-06,
        3.90625e-06,
        1.953125e-06,
        1.953125e-06,
        9.765625e-07,
        9.765625e-07,
        4.8828125e-07,
        4.8828125e-07,
        2.44140625e-07,
        2.44140625e-07,
        1.220703125e-07,
        1.220703125e-07,
        6.103515625e-08,
        6.103515625e-08
    ],
    "time": [
        3.564692735671997,
        0.8672618865966797,
        0.8772406578063965,
        0.9598941802978516,
        0.8780021667480469,
        0.8760111331939697,
        0.8780264854431152,
        0.8818578720092773,
        0.871983528137207,
        0.8652057647705078,
        0.890636682510376,
        0.8850040435791016,
        0.9272394180297852,
        0.8586149215698242,
        0.9124314785003662,
        0.8940672874450684,
        0.9257750511169434,
        0.9107558727264404,
        0.8982326984405518,
        0.9251723289489746,
        0.884885311126709,
        0.8880317211151123,
        0.905142068862915,
        0.8577263355255127,
        0.8517515659332275,
        0.8642826080322266,
        0.8800022602081299,
        0.8876192569732666,
        0.9055392742156982,
        0.8764288425445557
    ],
    "unscaled_psnr": [
        42.10277080535889
    ],
    "weighted_psnr": [
        44.60156440734863
    ]
}