{
    "epoch": [
        0.0,
        1.0,
        2.0,
        3.0,
        4.0,
        5.0,
        6.0,
        7.0,
        8.0,
        9.0,
        10.0,
        11.0,
        12.0,
        13.0,
        14.0,
        15.0,
        16.0,
        17.0,
        18.0,
        19.0,
        20.0,
        21.0,
        22.0,
        23.0,
        24.0,
        25.0,
        26.0,
        27.0,
        28.0,
        29.0
    ],
    "error": [
        10882.8681640625,
        10882.650390625,
        10881.7861328125,
        10883.412109375,
        10880.9033203125,
        10883.54296875,
        10881.123046875,
        10881.591796875,
        10881.388671875,
        10882.0693359375,
        10882.486328125,
        10881.9873046875,
        10881.767578125,
        10883.08984375,
        10881.6357421875,
        10882.49609375,
        10881.7080078125,
        10881.7890625,
        10881.810546875,
        10882.30859375,
        10882.5703125,
        10882.7998046875,
        10880.9609375,
        10880.9619140625,
        10881.7265625,
        10880.341796875,
        10882.4560546875,
        10881.5234375,
        10881.921875,
        10881.6982421875
    ],
    "learning_rate": [
        1e-07,
        1e-07,
        5e-08,
        5e-08,
        2.5e-08,
        2.5e-08,
        1.25e-08,
        1.25e-08,
        6.25e-09,
        6.25e-09,
        3.125e-09,
        3.125e-09,
        1.5625e-09,
        1.5625e-09,
        7.8125e-10,
        7.8125e-10,
        3.90625e-10,
        3.90625e-10,
        1.953125e-10,
        1.953125e-10,
        9.765625e-11,
        9.765625e-11,
        4.8828125e-11,
        4.8828125e-11,
        2.44140625e-11,
        2.44140625e-11,
        1.220703125e-11,
        1.220703125e-11,
        6.103515625e-12,
        6.103515625e-12
    ],
    "time": [
        3.7052128314971924,
        0.8963580131530762,
        0.8329544067382812,
        0.8506765365600586,
        0.8387973308563232,
        0.8533549308776855,
        0.8594875335693359,
        0.8536121845245361,
        0.8489513397216797,
        0.904221773147583,
        0.8500840663909912,
        0.8486430644989014,
        0.9022414684295654,
        0.8753135204315186,
        0.8563435077667236,
        0.8931944370269775,
        0.8525807857513428,
        0.8318924903869629,
        0.8336653709411621,
        0.8453052043914795,
        0.8598709106445312,
        0.855933427810669,
        0.8651213645935059,
        0.8934183120727539,
        0.8544995784759521,
        0.8550868034362793,
        0.8509402275085449,
        0.9512779712677002,
        0.8646821975708008,
        1.0808372497558594
    ],
    "unscaled_psnr": [
        -4.6486446261405945
    ],
    "weighted_psnr": [
        -4.6486446261405945
    ]
}