{
    "epoch": [
        0.0,
        1.0,
        2.0,
        3.0,
        4.0,
        5.0,
        6.0,
        7.0,
        8.0,
        9.0,
        10.0,
        11.0,
        12.0,
        13.0,
        14.0,
        15.0,
        16.0,
        17.0,
        18.0,
        19.0,
        20.0,
        21.0,
        22.0,
        23.0,
        24.0,
        25.0,
        26.0,
        27.0,
        28.0,
        29.0
    ],
    "error": [
        0.029059015214443207,
        0.0016266549937427044,
        0.0008346521644853055,
        0.0006555984728038311,
        0.0005334108136594296,
        0.00048315225285477936,
        0.0004289657808840275,
        0.00040305513539351523,
        0.00037645400152541697,
        0.00036218177410773933,
        0.000346779590472579,
        0.00033844984136521816,
        0.00032952750916592777,
        0.00032407103572040796,
        0.0003186256508342922,
        0.00031556320027448237,
        0.00031230345484800637,
        0.00031092946301214397,
        0.00030905529274605215,
        0.00030817525112070143,
        0.00030725239776074886,
        0.0003067386569455266,
        0.0003062846080865711,
        0.00030607052030973136,
        0.00030593544943258166,
        0.0003058783186133951,
        0.00030562657047994435,
        0.00030551617965102196,
        0.00030567136127501726,
        0.00030545005574822426
    ],
    "learning_rate": [
        0.001,
        0.001,
        0.0005,
        0.0005,
        0.00025,
        0.00025,
        0.000125,
        0.000125,
        6.25e-05,
        6.25e-05,
        3.125e-05,
        3.125e-05,
        1.5625e-05,
        1.5625e-05,
        7.8125e-06,
        7.8125e-06,
        3.90625e-06,
        3.90625e-06,
        1.953125e-06,
        1.953125e-06,
        9.765625e-07,
        9.765625e-07,
        4.8828125e-07,
        4.8828125e-07,
        2.44140625e-07,
        2.44140625e-07,
        1.220703125e-07,
        1.220703125e-07,
        6.103515625e-08,
        6.103515625e-08
    ],
    "time": [
        3.65665864944458,
        0.8930308818817139,
        0.9581644535064697,
        0.8754246234893799,
        0.9837658405303955,
        1.0707292556762695,
        0.9190704822540283,
        0.9995274543762207,
        0.9832911491394043,
        0.9340715408325195,
        1.0001046657562256,
        0.9046783447265625,
        0.896195650100708,
        0.9569258689880371,
        0.9460639953613281,
        0.9266378879547119,
        0.9258856773376465,
        0.9685916900634766,
        0.9121594429016113,
        0.9305887222290039,
        0.909794807434082,
        0.8706624507904053,
        0.8533830642700195,
        0.9142985343933105,
        0.8880710601806641,
        0.8873302936553955,
        0.9180519580841064,
        0.881781816482544,
        0.9200570583343506,
        0.88970947265625
    ],
    "unscaled_psnr": [
        41.16923809051514
    ],
    "weighted_psnr": [
        41.16923809051514
    ]
}