{
    "epoch": [
        0.0,
        1.0,
        2.0,
        3.0,
        4.0,
        5.0,
        6.0,
        7.0,
        8.0,
        9.0,
        10.0,
        11.0,
        12.0,
        13.0,
        14.0,
        15.0,
        16.0,
        17.0,
        18.0,
        19.0,
        20.0,
        21.0,
        22.0,
        23.0,
        24.0,
        25.0,
        26.0,
        27.0,
        28.0,
        29.0
    ],
    "error": [
        0.02739664539694786,
        0.00018991973774973303,
        0.00012563029304146767,
        0.00011543641448952258,
        0.00010094945173477754,
        9.901706653181463e-05,
        9.110022074310109e-05,
        8.922192500904202e-05,
        8.407427230849862e-05,
        8.307235839311033e-05,
        7.962206291267648e-05,
        7.923376688268036e-05,
        7.625733996974304e-05,
        7.647136226296425e-05,
        7.459471089532599e-05,
        7.455325976479799e-05,
        7.364361954387277e-05,
        7.334965630434453e-05,
        7.2862247179728e-05,
        7.270368951139972e-05,
        7.215076038846746e-05,
        7.255128730321303e-05,
        7.203174027381465e-05,
        7.201626431196928e-05,
        7.189294410636649e-05,
        7.186979200923815e-05,
        7.180849934229627e-05,
        7.17913280823268e-05,
        7.176400686148554e-05,
        7.177014776971191e-05
    ],
    "learning_rate": [
        0.001,
        0.001,
        0.0005,
        0.0005,
        0.00025,
        0.00025,
        0.000125,
        0.000125,
        6.25e-05,
        6.25e-05,
        3.125e-05,
        3.125e-05,
        1.5625e-05,
        1.5625e-05,
        7.8125e-06,
        7.8125e-06,
        3.90625e-06,
        3.90625e-06,
        1.953125e-06,
        1.953125e-06,
        9.765625e-07,
        9.765625e-07,
        4.8828125e-07,
        4.8828125e-07,
        2.44140625e-07,
        2.44140625e-07,
        1.220703125e-07,
        1.220703125e-07,
        6.103515625e-08,
        6.103515625e-08
    ],
    "psnr": [
        47.4589204788208
    ],
    "time": [
        3.8231804370880127,
        0.858391284942627,
        0.8605103492736816,
        0.828277587890625,
        0.8172986507415771,
        0.8425495624542236,
        0.8437366485595703,
        0.8451356887817383,
        0.8280754089355469,
        0.8522801399230957,
        0.8635621070861816,
        0.8550713062286377,
        0.8717596530914307,
        0.8649401664733887,
        0.8398308753967285,
        0.8511097431182861,
        1.0299828052520752,
        0.8878097534179688,
        0.8415241241455078,
        0.8634335994720459,
        0.8707411289215088,
        0.9016203880310059,
        0.896094799041748,
        0.8988711833953857,
        0.873384952545166,
        0.8455789089202881,
        0.8530263900756836,
        0.8553957939147949,
        0.8529036045074463,
        0.881964921951294
    ]
}