{
    "epoch": [
        0.0,
        1.0,
        2.0,
        3.0,
        4.0,
        5.0,
        6.0,
        7.0,
        8.0,
        9.0,
        10.0,
        11.0,
        12.0,
        13.0,
        14.0,
        15.0,
        16.0,
        17.0,
        18.0,
        19.0,
        20.0,
        21.0,
        22.0,
        23.0,
        24.0,
        25.0,
        26.0,
        27.0,
        28.0,
        29.0
    ],
    "error": [
        0.007717992644757032,
        0.00030573445837944746,
        8.349994459422305e-05,
        0.00011103487486252561,
        8.958075341070071e-05,
        8.170585351763293e-05,
        7.416941662086174e-05,
        7.775046833558008e-05,
        7.015336450422183e-05,
        6.909416697453707e-05,
        6.617088365601376e-05,
        6.549122917931527e-05,
        6.403113366104662e-05,
        6.404480518540367e-05,
        6.326985021587461e-05,
        6.323429988697171e-05,
        6.283952097874135e-05,
        6.271638994803652e-05,
        6.262652459554374e-05,
        6.261580710997805e-05,
        6.243710231501609e-05,
        6.257200584514067e-05,
        6.242686504265293e-05,
        6.244226096896455e-05,
        6.240238872123882e-05,
        6.240492075448856e-05,
        6.239025242393836e-05,
        6.239049253053963e-05,
        6.23787273070775e-05,
        6.238107016542926e-05
    ],
    "learning_rate": [
        0.001,
        0.001,
        0.0005,
        0.0005,
        0.00025,
        0.00025,
        0.000125,
        0.000125,
        6.25e-05,
        6.25e-05,
        3.125e-05,
        3.125e-05,
        1.5625e-05,
        1.5625e-05,
        7.8125e-06,
        7.8125e-06,
        3.90625e-06,
        3.90625e-06,
        1.953125e-06,
        1.953125e-06,
        9.765625e-07,
        9.765625e-07,
        4.8828125e-07,
        4.8828125e-07,
        2.44140625e-07,
        2.44140625e-07,
        1.220703125e-07,
        1.220703125e-07,
        6.103515625e-08,
        6.103515625e-08
    ],
    "psnr": [
        48.06993007659912
    ],
    "time": [
        6.190362453460693,
        3.435243844985962,
        3.354203701019287,
        3.542757749557495,
        3.5410990715026855,
        3.354969024658203,
        3.33931303024292,
        3.3472142219543457,
        3.359001874923706,
        3.367795705795288,
        3.3710386753082275,
        3.485551357269287,
        3.314638614654541,
        3.328958511352539,
        3.286407709121704,
        3.326373338699341,
        3.372997760772705,
        3.3677167892456055,
        3.3282270431518555,
        3.395975351333618,
        3.4690229892730713,
        3.4763071537017822,
        3.34820294380188,
        3.336273670196533,
        3.337946891784668,
        3.3691604137420654,
        3.5609400272369385,
        3.4737508296966553,
        3.347865343093872,
        3.368321418762207
    ]
}