{
    "epoch": [
        0.0,
        1.0,
        2.0,
        3.0,
        4.0,
        5.0,
        6.0,
        7.0,
        8.0,
        9.0,
        10.0,
        11.0,
        12.0,
        13.0,
        14.0,
        15.0,
        16.0,
        17.0,
        18.0,
        19.0,
        20.0,
        21.0,
        22.0,
        23.0,
        24.0,
        25.0,
        26.0,
        27.0,
        28.0,
        29.0
    ],
    "error": [
        0.02739664539694786,
        0.00018991975230164826,
        0.00012563049676828086,
        0.00011543639266164973,
        0.00010094945173477754,
        9.901712473947555e-05,
        9.110027167480439e-05,
        8.922192500904202e-05,
        8.407418499700725e-05,
        8.307237294502556e-05,
        7.962204108480364e-05,
        7.923382509034127e-05,
        7.625727448612452e-05,
        7.647134771104902e-05,
        7.459463813574985e-05,
        7.455322338500991e-05,
        7.364366319961846e-05,
        7.334975089179352e-05,
        7.286232721526176e-05,
        7.270367495948449e-05,
        7.215084769995883e-05,
        7.255124364746734e-05,
        7.203164568636566e-05,
        7.201635889941826e-05,
        7.189294410636649e-05,
        7.186982838902622e-05,
        7.180849934229627e-05,
        7.179129897849634e-05,
        7.176397048169747e-05,
        7.177012594183907e-05
    ],
    "learning_rate": [
        0.001,
        0.001,
        0.0005,
        0.0005,
        0.00025,
        0.00025,
        0.000125,
        0.000125,
        6.25e-05,
        6.25e-05,
        3.125e-05,
        3.125e-05,
        1.5625e-05,
        1.5625e-05,
        7.8125e-06,
        7.8125e-06,
        3.90625e-06,
        3.90625e-06,
        1.953125e-06,
        1.953125e-06,
        9.765625e-07,
        9.765625e-07,
        4.8828125e-07,
        4.8828125e-07,
        2.44140625e-07,
        2.44140625e-07,
        1.220703125e-07,
        1.220703125e-07,
        6.103515625e-08,
        6.103515625e-08
    ],
    "psnr": [
        47.4589204788208
    ],
    "time": [
        3.7669126987457275,
        0.8808460235595703,
        0.8783366680145264,
        0.8369724750518799,
        0.8304779529571533,
        0.8249850273132324,
        0.824002742767334,
        0.8212590217590332,
        0.8341426849365234,
        0.8555173873901367,
        0.8274548053741455,
        0.8533046245574951,
        0.8369603157043457,
        0.8182182312011719,
        0.8355154991149902,
        0.8426172733306885,
        0.8439450263977051,
        0.8651235103607178,
        0.8691911697387695,
        0.82010817527771,
        0.8356249332427979,
        0.8307995796203613,
        0.8279509544372559,
        0.8379201889038086,
        0.8182730674743652,
        0.8556013107299805,
        0.8417375087738037,
        0.8575706481933594,
        0.8509316444396973,
        0.8331308364868164
    ]
}