{
    "epoch": [
        0.0,
        1.0,
        2.0,
        3.0,
        4.0,
        5.0,
        6.0,
        7.0,
        8.0,
        9.0,
        10.0,
        11.0,
        12.0,
        13.0,
        14.0,
        15.0,
        16.0,
        17.0,
        18.0,
        19.0,
        20.0,
        21.0,
        22.0,
        23.0,
        24.0,
        25.0,
        26.0,
        27.0,
        28.0,
        29.0
    ],
    "error": [
        0.02739664725959301,
        0.00018991973774973303,
        0.0001256304094567895,
        0.00011543634900590405,
        0.00010094947356265038,
        9.901717567117885e-05,
        9.110031533055007e-05,
        8.922195411287248e-05,
        8.407424320466816e-05,
        8.307241660077125e-05,
        7.96220192569308e-05,
        7.923377415863797e-05,
        7.62573690735735e-05,
        7.64713404350914e-05,
        7.45946672395803e-05,
        7.455328159267083e-05,
        7.364367775153369e-05,
        7.334967813221738e-05,
        7.286231993930414e-05,
        7.270369678735733e-05,
        7.215078949229792e-05,
        7.255130185512826e-05,
        7.203173299785703e-05,
        7.201638072729111e-05,
        7.189290772657841e-05,
        7.186983566498384e-05,
        7.180845568655059e-05,
        7.179130625445396e-05,
        7.176401413744316e-05,
        7.177014776971191e-05
    ],
    "learning_rate": [
        0.001,
        0.001,
        0.0005,
        0.0005,
        0.00025,
        0.00025,
        0.000125,
        0.000125,
        6.25e-05,
        6.25e-05,
        3.125e-05,
        3.125e-05,
        1.5625e-05,
        1.5625e-05,
        7.8125e-06,
        7.8125e-06,
        3.90625e-06,
        3.90625e-06,
        1.953125e-06,
        1.953125e-06,
        9.765625e-07,
        9.765625e-07,
        4.8828125e-07,
        4.8828125e-07,
        2.44140625e-07,
        2.44140625e-07,
        1.220703125e-07,
        1.220703125e-07,
        6.103515625e-08,
        6.103515625e-08
    ],
    "psnr": [
        47.4589204788208
    ],
    "time": [
        3.687828302383423,
        0.8530280590057373,
        0.8599672317504883,
        0.8751444816589355,
        0.8503544330596924,
        0.8737215995788574,
        0.8371124267578125,
        0.8629326820373535,
        0.8859424591064453,
        0.9427604675292969,
        0.8757719993591309,
        0.9123942852020264,
        0.8792707920074463,
        0.8719620704650879,
        0.8760209083557129,
        0.8466339111328125,
        0.8705739974975586,
        0.8745839595794678,
        0.8779025077819824,
        0.8672523498535156,
        0.9128530025482178,
        0.8577771186828613,
        0.8732790946960449,
        0.8711557388305664,
        0.8784890174865723,
        0.853217363357544,
        0.870293140411377,
        0.8556592464447021,
        0.8635044097900391,
        0.8622853755950928
    ]
}