{
    "epoch": [
        0.0,
        1.0,
        2.0,
        3.0,
        4.0,
        5.0,
        6.0,
        7.0,
        8.0,
        9.0,
        10.0,
        11.0,
        12.0,
        13.0,
        14.0,
        15.0,
        16.0,
        17.0,
        18.0,
        19.0,
        20.0,
        21.0,
        22.0,
        23.0,
        24.0,
        25.0,
        26.0,
        27.0,
        28.0,
        29.0
    ],
    "error": [
        0.02438477985560894,
        0.0015192922437563539,
        0.0005866729188710451,
        0.00033323708339594305,
        0.00023108565073926002,
        0.00019959756173193455,
        0.0001798507000785321,
        0.0001730961521388963,
        0.0001605880679562688,
        0.00015729248116258532,
        0.00015044004248920828,
        0.00014937165542505682,
        0.0001460380881326273,
        0.00014422413369175047,
        0.00014235044363886118,
        0.00014144612941890955,
        0.00014060881221666932,
        0.0001405092334607616,
        0.0001397946907673031,
        0.00013949815183877945,
        0.00013919420598540455,
        0.00013937415496911854,
        0.00013904913794249296,
        0.00013897746975999326,
        0.000138862116727978,
        0.00013891185517422855,
        0.0001387815864291042,
        0.00013872460112906992,
        0.00013875002332497388,
        0.00013876344019081444
    ],
    "learning_rate": [
        0.001,
        0.001,
        0.0005,
        0.0005,
        0.00025,
        0.00025,
        0.000125,
        0.000125,
        6.25e-05,
        6.25e-05,
        3.125e-05,
        3.125e-05,
        1.5625e-05,
        1.5625e-05,
        7.8125e-06,
        7.8125e-06,
        3.90625e-06,
        3.90625e-06,
        1.953125e-06,
        1.953125e-06,
        9.765625e-07,
        9.765625e-07,
        4.8828125e-07,
        4.8828125e-07,
        2.44140625e-07,
        2.44140625e-07,
        1.220703125e-07,
        1.220703125e-07,
        6.103515625e-08,
        6.103515625e-08
    ],
    "time": [
        3.606081962585449,
        0.9139394760131836,
        0.8569989204406738,
        0.8367457389831543,
        0.8641557693481445,
        0.8650298118591309,
        0.8766932487487793,
        0.9399600028991699,
        0.8984372615814209,
        0.8741917610168457,
        0.8739833831787109,
        0.8877015113830566,
        0.8773524761199951,
        0.8813343048095703,
        0.8774404525756836,
        0.886810302734375,
        0.886073112487793,
        0.8769750595092773,
        0.9229142665863037,
        0.8705508708953857,
        0.8582606315612793,
        0.873835563659668,
        0.8662524223327637,
        0.8545935153961182,
        0.8862366676330566,
        0.8921222686767578,
        0.8779213428497314,
        0.8829333782196045,
        0.8560686111450195,
        0.8531546592712402
    ],
    "unscaled_psnr": [
        42.10277080535889
    ],
    "weighted_psnr": [
        44.60155963897705
    ]
}